/*
 Navicat MySQL Data Transfer

 Source Server         : mysql_test
 Source Server Type    : MySQL
 Source Server Version : 80013
 Source Host           : localhost:3306
 Source Schema         : coursera

 Target Server Type    : MySQL
 Target Server Version : 80013
 File Encoding         : 65001

 Date: 29/11/2018 18:36:00
*/

SET NAMES utf8mb4;
SET FOREIGN_KEY_CHECKS = 0;

-- ----------------------------
-- Table structure for CHOOSECOURSERAINFO
-- ----------------------------
DROP TABLE IF EXISTS `CHOOSECOURSERAINFO`;
CREATE TABLE `CHOOSECOURSERAINFO` (
  `StudentID` varchar(30) NOT NULL,
  `SpecificCourseraID` varchar(30) DEFAULT NULL,
  `PtimeScore` float DEFAULT NULL,
  `FinalScore` float DEFAULT NULL,
  `TotalScore` float DEFAULT NULL,
  `ScoreRank` float DEFAULT NULL,
  PRIMARY KEY (`StudentID`),
  KEY `FK_Reference_4` (`SpecificCourseraID`),
  CONSTRAINT `FK_Reference_3` FOREIGN KEY (`StudentID`) REFERENCES `studentinfo` (`studentid`) ON DELETE RESTRICT ON UPDATE RESTRICT,
  CONSTRAINT `FK_Reference_4` FOREIGN KEY (`SpecificCourseraID`) REFERENCES `specificcourserainfo` (`specificcourseraid`) ON DELETE RESTRICT ON UPDATE RESTRICT
) ENGINE=InnoDB DEFAULT CHARSET=utf8;

-- ----------------------------
-- Records of CHOOSECOURSERAINFO
-- ----------------------------
BEGIN;
INSERT INTO `CHOOSECOURSERAINFO` VALUES ('2018000100', '100420011', 69, 67, NULL, NULL);
INSERT INTO `CHOOSECOURSERAINFO` VALUES ('2018000105', '100420011', 76, 71, NULL, NULL);
INSERT INTO `CHOOSECOURSERAINFO` VALUES ('201800013', '100420011', 82, 70, NULL, NULL);
INSERT INTO `CHOOSECOURSERAINFO` VALUES ('201800015', '100420011', 63, 61, NULL, NULL);
INSERT INTO `CHOOSECOURSERAINFO` VALUES ('201800026', '100420011', 95, 91, NULL, NULL);
INSERT INTO `CHOOSECOURSERAINFO` VALUES ('201800032', '100420011', 95, 89, NULL, NULL);
INSERT INTO `CHOOSECOURSERAINFO` VALUES ('201800042', '100420011', 63, 96, NULL, NULL);
INSERT INTO `CHOOSECOURSERAINFO` VALUES ('201800049', '100420011', 99, 97, NULL, NULL);
INSERT INTO `CHOOSECOURSERAINFO` VALUES ('201800054', '100420011', 92, 94, NULL, NULL);
INSERT INTO `CHOOSECOURSERAINFO` VALUES ('201800055', '100420011', 82, 94, NULL, NULL);
INSERT INTO `CHOOSECOURSERAINFO` VALUES ('201800071', '100420011', 83, 62, NULL, NULL);
INSERT INTO `CHOOSECOURSERAINFO` VALUES ('201800078', '100420011', 86, 78, NULL, NULL);
INSERT INTO `CHOOSECOURSERAINFO` VALUES ('201800079', '100420011', 67, 95, NULL, NULL);
INSERT INTO `CHOOSECOURSERAINFO` VALUES ('201800082', '100420011', 73, 94, NULL, NULL);
INSERT INTO `CHOOSECOURSERAINFO` VALUES ('20180009', '100420011', 89, 93, NULL, NULL);
INSERT INTO `CHOOSECOURSERAINFO` VALUES ('201800093', '100420011', 97, 96, NULL, NULL);
INSERT INTO `CHOOSECOURSERAINFO` VALUES ('201800095', '100420011', 94, 99, NULL, NULL);
INSERT INTO `CHOOSECOURSERAINFO` VALUES ('201800096', '100420011', 96, 71, NULL, NULL);
COMMIT;

-- ----------------------------
-- Table structure for CLASSINFO
-- ----------------------------
DROP TABLE IF EXISTS `CLASSINFO`;
CREATE TABLE `CLASSINFO` (
  `ClassID` varchar(30) NOT NULL,
  `ClassName` varchar(50) DEFAULT NULL,
  `MajorID` varchar(20) DEFAULT NULL,
  `ClassSize` int(11) DEFAULT NULL,
  PRIMARY KEY (`ClassID`)
) ENGINE=InnoDB DEFAULT CHARSET=utf8;

-- ----------------------------
-- Records of CLASSINFO
-- ----------------------------
BEGIN;
INSERT INTO `CLASSINFO` VALUES ('201800100', '计科1601班', '计算机科学与技术', 20);
INSERT INTO `CLASSINFO` VALUES ('201800101', '计科1602班', '计算机科学与技术', 15);
INSERT INTO `CLASSINFO` VALUES ('201800102', '软工1601班', '软件工程', 25);
INSERT INTO `CLASSINFO` VALUES ('201800103', '软工1602班', '软件工程', 20);
INSERT INTO `CLASSINFO` VALUES ('201800104', '软产1601班', '软件工程产业', 20);
INSERT INTO `CLASSINFO` VALUES ('201800105', '信安1601班', '信息安全', 10);
COMMIT;

-- ----------------------------
-- Table structure for COURSERAINFO
-- ----------------------------
DROP TABLE IF EXISTS `COURSERAINFO`;
CREATE TABLE `COURSERAINFO` (
  `CourseraID` varchar(30) NOT NULL,
  `CourseraName` varchar(30) DEFAULT NULL,
  `PreCourseraID` varchar(30) DEFAULT NULL,
  `Credit` int(11) DEFAULT NULL,
  `Period` int(11) DEFAULT NULL,
  `TermID` varchar(20) DEFAULT NULL,
  PRIMARY KEY (`CourseraID`),
  KEY `FK_Reference_15` (`TermID`),
  CONSTRAINT `FK_Reference_15` FOREIGN KEY (`TermID`) REFERENCES `terminfo` (`termid`) ON DELETE RESTRICT ON UPDATE RESTRICT
) ENGINE=InnoDB DEFAULT CHARSET=utf8;

-- ----------------------------
-- Records of COURSERAINFO
-- ----------------------------
BEGIN;
INSERT INTO `COURSERAINFO` VALUES ('10042001', '数据结构', '10042009', 2, 62, '20181103');
INSERT INTO `COURSERAINFO` VALUES ('10042002', '计算机组成原理', '', 4, 64, '20181103');
INSERT INTO `COURSERAINFO` VALUES ('10042003', '操作系统', '10042002', 4, 64, '20181104');
INSERT INTO `COURSERAINFO` VALUES ('10042004', '微机接口', '10042005', 4, 64, '20181104');
INSERT INTO `COURSERAINFO` VALUES ('10042005', '汇编程序设计', '10042009', 5, 64, '20181102');
INSERT INTO `COURSERAINFO` VALUES ('10042006', '数据库原理', '10042007', 4, 48, '20181103');
INSERT INTO `COURSERAINFO` VALUES ('10042007', '离散数学', '', 4, 64, '20181102');
INSERT INTO `COURSERAINFO` VALUES ('10042008', '概率论与数理统计', '', 4, 32, '20181102');
INSERT INTO `COURSERAINFO` VALUES ('10042009', 'C语言程序设计', '', 5, 64, '20181100');
INSERT INTO `COURSERAINFO` VALUES ('10042010', 'Java程序设计', '10042012', 4, 48, '20181103');
INSERT INTO `COURSERAINFO` VALUES ('10042011', 'Windows程序设计', '10042012', 3, 32, '20181102');
INSERT INTO `COURSERAINFO` VALUES ('10042012', 'C++程序设计', '10042009', 4, 64, '20181101');
INSERT INTO `COURSERAINFO` VALUES ('10042013', '高等数学', '', 5, 64, '20181100');
INSERT INTO `COURSERAINFO` VALUES ('10042014', '计算机系统结构', '10042002', 3, 48, '20181104');
INSERT INTO `COURSERAINFO` VALUES ('10042015', 'Python程序设计', '10042012', 3, 32, '20181104');
COMMIT;

-- ----------------------------
-- Table structure for SPECIFICCOURSERAINFO
-- ----------------------------
DROP TABLE IF EXISTS `SPECIFICCOURSERAINFO`;
CREATE TABLE `SPECIFICCOURSERAINFO` (
  `SpecificCourseraID` varchar(30) NOT NULL,
  `CourseraID` varchar(30) NOT NULL,
  `CourseraName` varchar(50) DEFAULT NULL,
  `TeacherID` varchar(30) DEFAULT NULL,
  PRIMARY KEY (`SpecificCourseraID`),
  KEY `FK_Reference_5` (`CourseraID`),
  KEY `FK_Reference_6` (`TeacherID`),
  CONSTRAINT `FK_Reference_5` FOREIGN KEY (`CourseraID`) REFERENCES `courserainfo` (`courseraid`) ON DELETE RESTRICT ON UPDATE RESTRICT,
  CONSTRAINT `FK_Reference_6` FOREIGN KEY (`TeacherID`) REFERENCES `teacherinfo` (`teacherid`) ON DELETE RESTRICT ON UPDATE RESTRICT
) ENGINE=InnoDB DEFAULT CHARSET=utf8;

-- ----------------------------
-- Records of SPECIFICCOURSERAINFO
-- ----------------------------
BEGIN;
INSERT INTO `SPECIFICCOURSERAINFO` VALUES ('100420011', '10042001', '数据结构', '200011111');
INSERT INTO `SPECIFICCOURSERAINFO` VALUES ('100420012', '10042001', '数据结构', '20001116');
INSERT INTO `SPECIFICCOURSERAINFO` VALUES ('100420021', '10042002', '计算机组成原理', '200011113');
INSERT INTO `SPECIFICCOURSERAINFO` VALUES ('100420022', '10042002', '计算机组成原理', '20001113');
INSERT INTO `SPECIFICCOURSERAINFO` VALUES ('100420031', '10042003', '操作系统', '200011124');
INSERT INTO `SPECIFICCOURSERAINFO` VALUES ('100420032', '10042003', '操作系统', '200011124');
INSERT INTO `SPECIFICCOURSERAINFO` VALUES ('100420041', '10042004', '微机接口', '20001113');
INSERT INTO `SPECIFICCOURSERAINFO` VALUES ('100420042', '10042004', '微机接口', '200011128');
INSERT INTO `SPECIFICCOURSERAINFO` VALUES ('100420051', '10042005', '汇编程序设计', '20001113');
INSERT INTO `SPECIFICCOURSERAINFO` VALUES ('100420052', '10042005', '汇编程序设计', '200011115');
INSERT INTO `SPECIFICCOURSERAINFO` VALUES ('100420061', '10042006', '数据库原理', '200011112');
INSERT INTO `SPECIFICCOURSERAINFO` VALUES ('100420062', '10042006', '数据库原理', '20001115');
INSERT INTO `SPECIFICCOURSERAINFO` VALUES ('100420071', '10042007', '离散数学', '200011112');
INSERT INTO `SPECIFICCOURSERAINFO` VALUES ('100420072', '10042007', '离散数学', '20001115');
INSERT INTO `SPECIFICCOURSERAINFO` VALUES ('100420082', '10042008', '概率论与数理统计', '200011123');
INSERT INTO `SPECIFICCOURSERAINFO` VALUES ('100420091', '10042009', 'C语言程序设计', '20001116');
INSERT INTO `SPECIFICCOURSERAINFO` VALUES ('100420092', '10042009', 'C语言程序设计', '200011122');
INSERT INTO `SPECIFICCOURSERAINFO` VALUES ('100420101', '10042010', 'Java程序设计', '20001118');
INSERT INTO `SPECIFICCOURSERAINFO` VALUES ('100420102', '10042010', 'Java程序设计', '200011121');
INSERT INTO `SPECIFICCOURSERAINFO` VALUES ('100420111', '10042011', 'Windows程序设计', '200011115');
INSERT INTO `SPECIFICCOURSERAINFO` VALUES ('100420112', '10042011', 'Windows程序设计', '200011119');
INSERT INTO `SPECIFICCOURSERAINFO` VALUES ('100420121', '10042012', 'C++程序设计', '20001116');
INSERT INTO `SPECIFICCOURSERAINFO` VALUES ('100420122', '10042012', 'C++程序设计', '200011120');
INSERT INTO `SPECIFICCOURSERAINFO` VALUES ('100420131', '10042013', '高等数学', '200011121');
INSERT INTO `SPECIFICCOURSERAINFO` VALUES ('100420132', '10042013', '高等数学', '200011121');
INSERT INTO `SPECIFICCOURSERAINFO` VALUES ('100420141', '10042014', '计算机系统结构', '200011113');
INSERT INTO `SPECIFICCOURSERAINFO` VALUES ('100420151', '10042015', 'Python程序设计', '200011118');
COMMIT;

-- ----------------------------
-- Table structure for STUDENTINFO
-- ----------------------------
DROP TABLE IF EXISTS `STUDENTINFO`;
CREATE TABLE `STUDENTINFO` (
  `StudentID` varchar(30) NOT NULL,
  `StudentName` varchar(20) DEFAULT NULL,
  `Gender` varchar(10) DEFAULT NULL,
  `Age` int(11) DEFAULT NULL,
  `ClassID` varchar(30) DEFAULT NULL,
  `ClassName` varchar(50) DEFAULT NULL,
  PRIMARY KEY (`StudentID`),
  KEY `FK_Reference_8` (`ClassID`),
  CONSTRAINT `FK_Reference_8` FOREIGN KEY (`ClassID`) REFERENCES `classinfo` (`classid`) ON DELETE RESTRICT ON UPDATE RESTRICT
) ENGINE=InnoDB DEFAULT CHARSET=utf8;

-- ----------------------------
-- Records of STUDENTINFO
-- ----------------------------
BEGIN;
INSERT INTO `STUDENTINFO` VALUES ('20180000', 'hhh', 'female', 21, '201800102', '计科1601班');
INSERT INTO `STUDENTINFO` VALUES ('20180001', '赵翊祺', 'male', 19, '201800102', '软工1601班');
INSERT INTO `STUDENTINFO` VALUES ('201800010', '魏宗灵', 'female', 19, '201800102', '软工1601班');
INSERT INTO `STUDENTINFO` VALUES ('2018000100', '吴芸又', 'male', 18, '201800100', '计科1601班');
INSERT INTO `STUDENTINFO` VALUES ('2018000101', '李熙蕴', 'male', 19, '201800105', '信安1601班');
INSERT INTO `STUDENTINFO` VALUES ('2018000102', '李妙一', 'female', 18, '201800104', '软产1601班');
INSERT INTO `STUDENTINFO` VALUES ('2018000103', '赵今', 'female', 21, '201800105', '信安1601班');
INSERT INTO `STUDENTINFO` VALUES ('2018000104', '冯瑾语', 'male', 19, '201800103', '软工1602班');
INSERT INTO `STUDENTINFO` VALUES ('2018000105', '朱元阳', 'male', 17, '201800100', '计科1601班');
INSERT INTO `STUDENTINFO` VALUES ('2018000106', '王晶霖', 'male', 18, '201800103', '软工1602班');
INSERT INTO `STUDENTINFO` VALUES ('2018000107', '袁依阳', 'male', 17, '201800104', '软产1601班');
INSERT INTO `STUDENTINFO` VALUES ('2018000108', '张旎婷', 'female', 18, '201800101', '计科1602班');
INSERT INTO `STUDENTINFO` VALUES ('201800011', '傅翀', 'female', 18, '201800104', '软产1601班');
INSERT INTO `STUDENTINFO` VALUES ('201800012', '唐丽冰', 'female', 16, '201800104', '软产1601班');
INSERT INTO `STUDENTINFO` VALUES ('201800013', '龚修东', 'male', 18, '201800100', '计科1601班');
INSERT INTO `STUDENTINFO` VALUES ('201800014', '庞新涵', 'female', 21, '201800104', '软产1601班');
INSERT INTO `STUDENTINFO` VALUES ('201800015', '方键', 'female', 16, '201800100', '计科1601班');
INSERT INTO `STUDENTINFO` VALUES ('201800016', '汤豫毅', 'female', 21, '201800105', '信安1601班');
INSERT INTO `STUDENTINFO` VALUES ('201800017', '龚照东', 'male', 19, '201800103', '软工1602班');
INSERT INTO `STUDENTINFO` VALUES ('201800018', '周二智', 'female', 16, '201800102', '软工1601班');
INSERT INTO `STUDENTINFO` VALUES ('201800019', '刘昊恒', 'male', 16, '201800101', '计科1602班');
INSERT INTO `STUDENTINFO` VALUES ('20180002', '白建屏', 'female', 17, '201800103', '软工1602班');
INSERT INTO `STUDENTINFO` VALUES ('201800020', '徐川廷', 'female', 21, '201800102', '软工1601班');
INSERT INTO `STUDENTINFO` VALUES ('201800021', '阎栖晨', 'female', 20, '201800102', '软工1601班');
INSERT INTO `STUDENTINFO` VALUES ('201800022', '颜子洋', 'male', 19, '201800104', '软产1601班');
INSERT INTO `STUDENTINFO` VALUES ('201800023', '李俊威', 'male', 18, '201800103', '软工1602班');
INSERT INTO `STUDENTINFO` VALUES ('201800024', '任玉罕', 'male', 16, '201800104', '软产1601班');
INSERT INTO `STUDENTINFO` VALUES ('201800025', '黄莱赫', 'female', 20, '201800102', '软工1601班');
INSERT INTO `STUDENTINFO` VALUES ('201800026', '方欣英', 'male', 18, '201800100', '计科1601班');
INSERT INTO `STUDENTINFO` VALUES ('201800027', '李凌添', 'female', 19, '201800102', '软工1601班');
INSERT INTO `STUDENTINFO` VALUES ('201800028', '余玉一', 'female', 20, '201800102', '软工1601班');
INSERT INTO `STUDENTINFO` VALUES ('201800029', '吴熙达', 'female', 19, '201800102', '软工1601班');
INSERT INTO `STUDENTINFO` VALUES ('20180003', '魏恬伟', 'male', 17, '201800102', '软工1601班');
INSERT INTO `STUDENTINFO` VALUES ('201800030', '薛智玲', 'male', 21, '201800102', '软工1601班');
INSERT INTO `STUDENTINFO` VALUES ('201800031', '杨铭华', 'male', 16, '201800103', '软工1602班');
INSERT INTO `STUDENTINFO` VALUES ('201800032', '张从超', 'male', 20, '201800100', '计科1601班');
INSERT INTO `STUDENTINFO` VALUES ('201800033', '孙金航', 'male', 17, '201800103', '软工1602班');
INSERT INTO `STUDENTINFO` VALUES ('201800034', '张赞聪', 'female', 20, '201800101', '计科1602班');
INSERT INTO `STUDENTINFO` VALUES ('201800035', '陈柏媛', 'male', 17, '201800103', '软工1602班');
INSERT INTO `STUDENTINFO` VALUES ('201800036', '赵俊彦', 'female', 18, '201800103', '软工1602班');
INSERT INTO `STUDENTINFO` VALUES ('201800037', '饶麒圭', 'female', 19, '201800102', '软工1601班');
INSERT INTO `STUDENTINFO` VALUES ('201800038', '刘旭俊', 'female', 21, '201800101', '计科1602班');
INSERT INTO `STUDENTINFO` VALUES ('201800039', '许滟钗', 'male', 17, '201800104', '软产1601班');
INSERT INTO `STUDENTINFO` VALUES ('20180004', '葛卓涵', 'male', 19, '201800105', '信安1601班');
INSERT INTO `STUDENTINFO` VALUES ('201800040', '刘弈俊', 'female', 19, '201800104', '软产1601班');
INSERT INTO `STUDENTINFO` VALUES ('201800041', '李耀炫', 'female', 20, '201800105', '信安1601班');
INSERT INTO `STUDENTINFO` VALUES ('201800042', '单新阳', 'male', 19, '201800100', '计科1601班');
INSERT INTO `STUDENTINFO` VALUES ('201800043', '谭宝名', 'female', 19, '201800105', '信安1601班');
INSERT INTO `STUDENTINFO` VALUES ('201800044', '赵文瀚', 'male', 16, '201800104', '软产1601班');
INSERT INTO `STUDENTINFO` VALUES ('201800045', '裴天馨', 'female', 17, '201800104', '软产1601班');
INSERT INTO `STUDENTINFO` VALUES ('201800046', '董天邦', 'male', 17, '201800103', '软工1602班');
INSERT INTO `STUDENTINFO` VALUES ('201800047', '李振彬', 'female', 20, '201800102', '软工1601班');
INSERT INTO `STUDENTINFO` VALUES ('201800048', '钱鹏琪', 'male', 17, '201800102', '软工1601班');
INSERT INTO `STUDENTINFO` VALUES ('201800049', '陈翡', 'female', 18, '201800100', '计科1601班');
INSERT INTO `STUDENTINFO` VALUES ('20180005', '蒋玉东', 'female', 20, '201800105', '信安1601班');
INSERT INTO `STUDENTINFO` VALUES ('201800050', '葛伟花', 'female', 17, '201800105', '信安1601班');
INSERT INTO `STUDENTINFO` VALUES ('201800051', '吴馨瑞', 'female', 17, '201800104', '软产1601班');
INSERT INTO `STUDENTINFO` VALUES ('201800052', '王惠基', 'male', 16, '201800103', '软工1602班');
INSERT INTO `STUDENTINFO` VALUES ('201800053', '龚海珂', 'male', 20, '201800101', '计科1602班');
INSERT INTO `STUDENTINFO` VALUES ('201800054', '韩凤仿', 'female', 16, '201800100', '计科1601班');
INSERT INTO `STUDENTINFO` VALUES ('201800055', '马明杰', 'female', 19, '201800100', '计科1601班');
INSERT INTO `STUDENTINFO` VALUES ('201800056', '覃柄苑', 'male', 21, '201800101', '计科1602班');
INSERT INTO `STUDENTINFO` VALUES ('201800057', '董雯林', 'female', 19, '201800102', '软工1601班');
INSERT INTO `STUDENTINFO` VALUES ('201800058', '周宜可', 'female', 20, '201800101', '计科1602班');
INSERT INTO `STUDENTINFO` VALUES ('201800059', '张春晶', 'male', 17, '201800104', '软产1601班');
INSERT INTO `STUDENTINFO` VALUES ('20180006', '曾莘琳', 'female', 17, '201800105', '信安1601班');
INSERT INTO `STUDENTINFO` VALUES ('201800060', '曹哓明', 'female', 18, '201800102', '软工1601班');
INSERT INTO `STUDENTINFO` VALUES ('201800061', '王泰骧', 'male', 20, '201800103', '软工1602班');
INSERT INTO `STUDENTINFO` VALUES ('201800062', '黄雍军', 'female', 19, '201800103', '软工1602班');
INSERT INTO `STUDENTINFO` VALUES ('201800063', '周聪', 'female', 17, '201800105', '信安1601班');
INSERT INTO `STUDENTINFO` VALUES ('201800064', '段义华', 'female', 19, '201800103', '软工1602班');
INSERT INTO `STUDENTINFO` VALUES ('201800065', '唐金琴', 'female', 19, '201800101', '计科1602班');
INSERT INTO `STUDENTINFO` VALUES ('201800066', '谭榕', 'female', 17, '201800103', '软工1602班');
INSERT INTO `STUDENTINFO` VALUES ('201800067', '吴文真', 'male', 20, '201800105', '信安1601班');
INSERT INTO `STUDENTINFO` VALUES ('201800068', '朱籽宝', 'male', 18, '201800103', '软工1602班');
INSERT INTO `STUDENTINFO` VALUES ('201800069', '申今琼', 'male', 19, '201800103', '软工1602班');
INSERT INTO `STUDENTINFO` VALUES ('20180007', '胡本洱', 'male', 18, '201800102', '软工1601班');
INSERT INTO `STUDENTINFO` VALUES ('201800070', '侯乔涵', 'female', 19, '201800102', '软工1601班');
INSERT INTO `STUDENTINFO` VALUES ('201800071', '吕武雯', 'male', 17, '201800100', '计科1601班');
INSERT INTO `STUDENTINFO` VALUES ('201800072', '张辰冉', 'female', 21, '201800105', '信安1601班');
INSERT INTO `STUDENTINFO` VALUES ('201800073', '任欣菲', 'male', 21, '201800102', '软工1601班');
INSERT INTO `STUDENTINFO` VALUES ('201800074', '张俞麾', 'female', 17, '201800105', '信安1601班');
INSERT INTO `STUDENTINFO` VALUES ('201800075', '魏泽华', 'female', 19, '201800102', '软工1601班');
INSERT INTO `STUDENTINFO` VALUES ('201800076', '黄浩澧', 'male', 18, '201800105', '信安1601班');
INSERT INTO `STUDENTINFO` VALUES ('201800077', '张雄月', 'male', 18, '201800101', '计科1602班');
INSERT INTO `STUDENTINFO` VALUES ('201800078', '彭之仪', 'female', 21, '201800100', '计科1601班');
INSERT INTO `STUDENTINFO` VALUES ('201800079', '刘昱敏', 'female', 16, '201800100', '计科1601班');
INSERT INTO `STUDENTINFO` VALUES ('20180008', '高芳宇', 'female', 16, '201800105', '信安1601班');
INSERT INTO `STUDENTINFO` VALUES ('201800080', '陈泽欣', 'female', 18, '201800104', '软产1601班');
INSERT INTO `STUDENTINFO` VALUES ('201800081', '杨楚合', 'female', 21, '201800102', '软工1601班');
INSERT INTO `STUDENTINFO` VALUES ('201800082', '李国伊', 'male', 20, '201800100', '计科1601班');
INSERT INTO `STUDENTINFO` VALUES ('201800083', '杨淑芳', 'female', 16, '201800101', '计科1602班');
INSERT INTO `STUDENTINFO` VALUES ('201800084', '黄小雯', 'female', 19, '201800102', '软工1601班');
INSERT INTO `STUDENTINFO` VALUES ('201800085', '李岑成', 'female', 17, '201800101', '计科1602班');
INSERT INTO `STUDENTINFO` VALUES ('201800086', '孙露明', 'male', 16, '201800104', '软产1601班');
INSERT INTO `STUDENTINFO` VALUES ('201800087', '马向煌', 'female', 21, '201800103', '软工1602班');
INSERT INTO `STUDENTINFO` VALUES ('201800088', '方婧荭', 'female', 21, '201800101', '计科1602班');
INSERT INTO `STUDENTINFO` VALUES ('201800089', '包颂', 'male', 16, '201800103', '软工1602班');
INSERT INTO `STUDENTINFO` VALUES ('20180009', '卢琛平', 'male', 16, '201800100', '计科1601班');
INSERT INTO `STUDENTINFO` VALUES ('201800090', '黄嘉超', 'male', 19, '201800102', '软工1601班');
INSERT INTO `STUDENTINFO` VALUES ('201800091', '李淮波', 'male', 19, '201800101', '计科1602班');
INSERT INTO `STUDENTINFO` VALUES ('201800092', '杨彦鑫', 'male', 16, '201800105', '信安1601班');
INSERT INTO `STUDENTINFO` VALUES ('201800093', '孙娇怡', 'female', 17, '201800100', '计科1601班');
INSERT INTO `STUDENTINFO` VALUES ('201800094', '辛冬', 'male', 18, '201800103', '软工1602班');
INSERT INTO `STUDENTINFO` VALUES ('201800095', '凌琳', 'male', 20, '201800100', '计科1601班');
INSERT INTO `STUDENTINFO` VALUES ('201800096', '李海珑', 'male', 19, '201800100', '计科1601班');
INSERT INTO `STUDENTINFO` VALUES ('201800097', '李雨夕', 'female', 20, '201800101', '计科1602班');
INSERT INTO `STUDENTINFO` VALUES ('201800098', '倪可絮', 'female', 20, '201800102', '软工1601班');
COMMIT;

-- ----------------------------
-- Table structure for STUDENTPRIVATEINFO
-- ----------------------------
DROP TABLE IF EXISTS `STUDENTPRIVATEINFO`;
CREATE TABLE `STUDENTPRIVATEINFO` (
  `StudentID` varchar(30) NOT NULL,
  `WorkUnit` varchar(100) DEFAULT NULL,
  `AdYear` varchar(7) DEFAULT NULL,
  `PhoneNumber` varchar(20) DEFAULT NULL,
  `QQNumber` varchar(20) DEFAULT NULL,
  `IDNumber` varchar(50) DEFAULT NULL,
  `ABCNumber` varchar(50) DEFAULT NULL,
  `SSNumber` varchar(50) DEFAULT NULL,
  PRIMARY KEY (`StudentID`),
  CONSTRAINT `FK_Reference_9` FOREIGN KEY (`StudentID`) REFERENCES `studentinfo` (`studentid`) ON DELETE RESTRICT ON UPDATE RESTRICT
) ENGINE=InnoDB DEFAULT CHARSET=utf8;

-- ----------------------------
-- Records of STUDENTPRIVATEINFO
-- ----------------------------
BEGIN;
INSERT INTO `STUDENTPRIVATEINFO` VALUES ('20180000', '湖北大学', '2016', '18895877961', '7884112796', '4.106919991e+016', '6.9889167691e+017', '2.8752236501e+017');
INSERT INTO `STUDENTPRIVATEINFO` VALUES ('20180001', '湖北大学', '2016', '17869637395', '831101676', '4.057019991e+016', '6.1458135491e+017', '3.1913273271e+017');
INSERT INTO `STUDENTPRIVATEINFO` VALUES ('201800010', '湖北大学', '2016', '18989215912', '920093406', '4.101619981e+016', '6.2529121721e+017', '3.7172209621e+017');
INSERT INTO `STUDENTPRIVATEINFO` VALUES ('2018000100', '湖北大学', '2016', '17652794967', '2216061211', '4.264419981e+016', '6.0014165971e+017', '2.7946389381e+017');
INSERT INTO `STUDENTPRIVATEINFO` VALUES ('2018000101', '湖北大学', '2016', '18670904283', '790442221', '4.1269199611e+016', '6.1980127521e+017', '3.5742328291e+017');
INSERT INTO `STUDENTPRIVATEINFO` VALUES ('2018000102', '湖北大学', '2016', '18714861946', '5041359039', '4.1364199711e+016', '6.0975140251e+017', '2.7261312411e+017');
INSERT INTO `STUDENTPRIVATEINFO` VALUES ('2018000103', '湖北大学', '2016', '18831186253', '8492797181', '4.033119991e+016', '6.9018181321e+017', '2.2429223941e+017');
INSERT INTO `STUDENTPRIVATEINFO` VALUES ('2018000104', '湖北大学', '2016', '17654576529', '3655364793', '4.154619961e+016', '6.4790143071e+017', '3.6521297431e+017');
INSERT INTO `STUDENTPRIVATEINFO` VALUES ('2018000105', '湖北大学', '2016', '18449964392', '1736899480', '4.066319961e+016', '6.4325120251e+017', '2.4626379581e+017');
INSERT INTO `STUDENTPRIVATEINFO` VALUES ('2018000106', '湖北大学', '2016', '18811674523', '5445265772', '4.1139199811e+016', '6.8369175881e+017', '2.9865362461e+017');
INSERT INTO `STUDENTPRIVATEINFO` VALUES ('2018000107', '湖北大学', '2016', '18663612129', '6276572085', '4.2282199811e+016', '6.8462119961e+017', '3.2088224281e+017');
INSERT INTO `STUDENTPRIVATEINFO` VALUES ('2018000108', '湖北大学', '2016', '17673733475', '4658929797', '4.288419971e+016', '6.5281131501e+017', '2.4942230841e+017');
INSERT INTO `STUDENTPRIVATEINFO` VALUES ('201800011', '湖北大学', '2016', '18234968779', '9128397973', '4.0619199711e+016', '6.3610115331e+017', '2.9039365821e+017');
INSERT INTO `STUDENTPRIVATEINFO` VALUES ('201800012', '湖北大学', '2016', '18381415386', '9443237855', '4.2198199911e+016', '6.4653194081e+017', '3.4189284001e+017');
INSERT INTO `STUDENTPRIVATEINFO` VALUES ('201800013', '湖北大学', '2016', '18738489417', '9054453502', '4.128119981e+016', '6.6022184371e+017', '3.9778371971e+017');
INSERT INTO `STUDENTPRIVATEINFO` VALUES ('201800014', '湖北大学', '2016', '18786178067', '2788121069', '4.0868199911e+016', '6.5653134921e+017', '2.4802350971e+017');
INSERT INTO `STUDENTPRIVATEINFO` VALUES ('201800015', '湖北大学', '2016', '18530104243', '6383267565', '4.007919971e+016', '6.6087194681e+017', '3.9361345901e+017');
INSERT INTO `STUDENTPRIVATEINFO` VALUES ('201800016', '湖北大学', '2016', '17838671371', '2647891475', '4.134019961e+016', '6.5555124011e+017', '2.6500201221e+017');
INSERT INTO `STUDENTPRIVATEINFO` VALUES ('201800017', '湖北大学', '2016', '18717763254', '3641433619', '4.197519991e+016', '6.2577186681e+017', '3.7427318671e+017');
INSERT INTO `STUDENTPRIVATEINFO` VALUES ('201800018', '湖北大学', '2016', '18417733552', '7765887922', '4.0982199911e+016', '6.4155155651e+017', '2.1975209971e+017');
INSERT INTO `STUDENTPRIVATEINFO` VALUES ('201800019', '湖北大学', '2016', '17859056888', '9332901255', '4.147719961e+016', '6.2277101241e+017', '3.5519395631e+017');
INSERT INTO `STUDENTPRIVATEINFO` VALUES ('20180002', '湖北大学', '2016', '17964074487', '4224266227', '4.252219991e+016', '6.7994195351e+017', '2.7103387041e+017');
INSERT INTO `STUDENTPRIVATEINFO` VALUES ('201800020', '湖北大学', '2016', '18455922989', '4863365477', '4.230319971e+016', '6.8868187651e+017', '3.0724265221e+017');
INSERT INTO `STUDENTPRIVATEINFO` VALUES ('201800021', '湖北大学', '2016', '18272003029', '6561224495', '4.003919961e+016', '6.6795144511e+017', '2.2317270011e+017');
INSERT INTO `STUDENTPRIVATEINFO` VALUES ('201800022', '湖北大学', '2016', '17884328200', '2179455931', '4.2822199911e+016', '6.4406197051e+017', '3.0032274281e+017');
INSERT INTO `STUDENTPRIVATEINFO` VALUES ('201800023', '湖北大学', '2016', '18235376733', '3970384741', '4.283919961e+016', '6.1468119081e+017', '3.0473305531e+017');
INSERT INTO `STUDENTPRIVATEINFO` VALUES ('201800024', '湖北大学', '2016', '18972788201', '1746882481', '4.1790199611e+016', '6.4243100831e+017', '3.9688392711e+017');
INSERT INTO `STUDENTPRIVATEINFO` VALUES ('201800025', '湖北大学', '2016', '18247129315', '4978497696', '4.1878199811e+016', '6.8139150001e+017', '2.4638232811e+017');
INSERT INTO `STUDENTPRIVATEINFO` VALUES ('201800026', '湖北大学', '2016', '18841532982', '6268969390', '4.0441199811e+016', '6.3567188521e+017', '3.3193374131e+017');
INSERT INTO `STUDENTPRIVATEINFO` VALUES ('201800027', '湖北大学', '2016', '18554768088', '4761959872', '4.1343199811e+016', '6.1659169761e+017', '2.5758365291e+017');
INSERT INTO `STUDENTPRIVATEINFO` VALUES ('201800028', '湖北大学', '2016', '17730774993', '8359993417', '4.253419981e+016', '6.6030138861e+017', '2.7673395491e+017');
INSERT INTO `STUDENTPRIVATEINFO` VALUES ('201800029', '湖北大学', '2016', '17843753887', '7122385417', '4.2202199611e+016', '6.7897123881e+017', '2.6011299091e+017');
INSERT INTO `STUDENTPRIVATEINFO` VALUES ('20180003', '湖北大学', '2016', '17788878116', '3497952753', '4.114619961e+016', '6.4139171741e+017', '2.8392356811e+017');
INSERT INTO `STUDENTPRIVATEINFO` VALUES ('201800030', '湖北大学', '2016', '18527612553', '8865038038', '4.1078199611e+016', '6.1004159271e+017', '3.7417389441e+017');
INSERT INTO `STUDENTPRIVATEINFO` VALUES ('201800031', '湖北大学', '2016', '18425961914', '9570885041', '4.129219971e+016', '6.1407116891e+017', '3.4580215751e+017');
INSERT INTO `STUDENTPRIVATEINFO` VALUES ('201800032', '湖北大学', '2016', '18151592344', '9653474858', '4.185219971e+016', '6.4630153541e+017', '3.3777275411e+017');
INSERT INTO `STUDENTPRIVATEINFO` VALUES ('201800033', '湖北大学', '2016', '18458974793', '1359673601', '4.0437199811e+016', '6.7155147771e+017', '3.4446380091e+017');
INSERT INTO `STUDENTPRIVATEINFO` VALUES ('201800034', '湖北大学', '2016', '18671908920', '3459295918', '4.0761199611e+016', '6.8609102541e+017', '2.5924258471e+017');
INSERT INTO `STUDENTPRIVATEINFO` VALUES ('201800035', '湖北大学', '2016', '18887572572', '6928236533', '4.019019981e+016', '6.2913133601e+017', '2.5973379561e+017');
INSERT INTO `STUDENTPRIVATEINFO` VALUES ('201800036', '湖北大学', '2016', '18992289029', '3661302553', '4.2746199811e+016', '6.2306125001e+017', '3.4088300731e+017');
INSERT INTO `STUDENTPRIVATEINFO` VALUES ('201800037', '湖北大学', '2016', '17793235420', '3244609773', '4.223319961e+016', '6.5041107691e+017', '3.6070284881e+017');
INSERT INTO `STUDENTPRIVATEINFO` VALUES ('201800038', '湖北大学', '2016', '18335812370', '5734895723', '4.0284199811e+016', '6.4325173031e+017', '3.5218212321e+017');
INSERT INTO `STUDENTPRIVATEINFO` VALUES ('201800039', '湖北大学', '2016', '18388338616', '9814173392', '4.2260199911e+016', '6.3787150781e+017', '3.5574235521e+017');
INSERT INTO `STUDENTPRIVATEINFO` VALUES ('20180004', '湖北大学', '2016', '18367295664', '6635181414', '4.2185199611e+016', '6.5433172041e+017', '2.7936246291e+017');
INSERT INTO `STUDENTPRIVATEINFO` VALUES ('201800040', '湖北大学', '2016', '18782631302', '6719638724', '4.1084199711e+016', '6.4798111901e+017', '3.7660292751e+017');
INSERT INTO `STUDENTPRIVATEINFO` VALUES ('201800041', '湖北大学', '2016', '18384476736', '5767652815', '4.170819961e+016', '6.2584189671e+017', '3.8753257301e+017');
INSERT INTO `STUDENTPRIVATEINFO` VALUES ('201800042', '湖北大学', '2016', '18895813332', '6883335101', '4.095019991e+016', '6.7560131091e+017', '2.1933355471e+017');
INSERT INTO `STUDENTPRIVATEINFO` VALUES ('201800043', '湖北大学', '2016', '18537479009', '7964363963', '4.128619971e+016', '6.6429151831e+017', '2.6368357411e+017');
INSERT INTO `STUDENTPRIVATEINFO` VALUES ('201800044', '湖北大学', '2016', '17971876143', '8087484082', '4.2719199911e+016', '6.9832121701e+017', '2.6297390521e+017');
INSERT INTO `STUDENTPRIVATEINFO` VALUES ('201800045', '湖北大学', '2016', '18889358797', '4731165882', '4.0490199811e+016', '6.3571101301e+017', '2.5532339341e+017');
INSERT INTO `STUDENTPRIVATEINFO` VALUES ('201800046', '湖北大学', '2016', '18220308121', '696528136', '4.1630199911e+016', '6.6016123201e+017', '3.2824387141e+017');
INSERT INTO `STUDENTPRIVATEINFO` VALUES ('201800047', '湖北大学', '2016', '18667029717', '3311638186', '4.0753199811e+016', '6.6177122991e+017', '2.4637265671e+017');
INSERT INTO `STUDENTPRIVATEINFO` VALUES ('201800048', '湖北大学', '2016', '17811823109', '4149452249', '4.2640199711e+016', '6.9937161481e+017', '3.6763297491e+017');
INSERT INTO `STUDENTPRIVATEINFO` VALUES ('201800049', '湖北大学', '2016', '18648226025', '310426102', '4.0206199811e+016', '6.3191127851e+017', '2.3771309491e+017');
INSERT INTO `STUDENTPRIVATEINFO` VALUES ('20180005', '湖北大学', '2016', '18527845695', '7197492900', '4.078119961e+016', '6.9480106121e+017', '3.1747235271e+017');
INSERT INTO `STUDENTPRIVATEINFO` VALUES ('201800050', '湖北大学', '2016', '18670426477', '683379970', '4.164619981e+016', '6.5914185501e+017', '2.9030203001e+017');
INSERT INTO `STUDENTPRIVATEINFO` VALUES ('201800051', '湖北大学', '2016', '17657193976', '9473859830', '4.207619981e+016', '6.6727102181e+017', '2.0373361251e+017');
INSERT INTO `STUDENTPRIVATEINFO` VALUES ('201800052', '湖北大学', '2016', '17642793605', '2354407926', '4.1608199911e+016', '6.2719118651e+017', '3.1220252511e+017');
INSERT INTO `STUDENTPRIVATEINFO` VALUES ('201800053', '湖北大学', '2016', '18758398663', '7775563486', '4.035419981e+016', '6.4284108701e+017', '3.1377398351e+017');
INSERT INTO `STUDENTPRIVATEINFO` VALUES ('201800054', '湖北大学', '2016', '17626142410', '1880493570', '4.089119971e+016', '6.9300115531e+017', '2.2235335021e+017');
INSERT INTO `STUDENTPRIVATEINFO` VALUES ('201800055', '湖北大学', '2016', '18556266839', '6291092276', '4.196019981e+016', '6.0770122971e+017', '2.1615298931e+017');
INSERT INTO `STUDENTPRIVATEINFO` VALUES ('201800056', '湖北大学', '2016', '17752612040', '8165557679', '4.161719981e+016', '6.7101123341e+017', '2.3019212161e+017');
INSERT INTO `STUDENTPRIVATEINFO` VALUES ('201800057', '湖北大学', '2016', '18681365847', '8465792860', '4.084619991e+016', '6.6672178611e+017', '2.0562391491e+017');
INSERT INTO `STUDENTPRIVATEINFO` VALUES ('201800058', '湖北大学', '2016', '18387817087', '1851261965', '4.1019199711e+016', '6.6197146741e+017', '3.6853207091e+017');
INSERT INTO `STUDENTPRIVATEINFO` VALUES ('201800059', '湖北大学', '2016', '18470488377', '2361947489', '4.1425199811e+016', '6.4607139241e+017', '2.3254360121e+017');
INSERT INTO `STUDENTPRIVATEINFO` VALUES ('20180006', '湖北大学', '2016', '18317725595', '1257628907', '4.1355199811e+016', '6.2706189601e+017', '2.8436318191e+017');
INSERT INTO `STUDENTPRIVATEINFO` VALUES ('201800060', '湖北大学', '2016', '18676493848', '990939101', '4.1981199711e+016', '6.8251196301e+017', '3.6620332911e+017');
INSERT INTO `STUDENTPRIVATEINFO` VALUES ('201800061', '湖北大学', '2016', '18685113643', '1093791935', '4.0740199611e+016', '6.6376171971e+017', '2.4896212951e+017');
INSERT INTO `STUDENTPRIVATEINFO` VALUES ('201800062', '湖北大学', '2016', '17960172865', '2893113142', '4.2879199611e+016', '6.8824186351e+017', '3.4151240801e+017');
INSERT INTO `STUDENTPRIVATEINFO` VALUES ('201800063', '湖北大学', '2016', '18288783119', '7186816727', '4.1606199711e+016', '6.4585193361e+017', '2.8022284971e+017');
INSERT INTO `STUDENTPRIVATEINFO` VALUES ('201800064', '湖北大学', '2016', '17894217511', '1062813663', '4.1644199911e+016', '6.6249101061e+017', '3.5861256761e+017');
INSERT INTO `STUDENTPRIVATEINFO` VALUES ('201800065', '湖北大学', '2016', '17662263109', '6347469501', '4.0687199711e+016', '6.1982175031e+017', '3.2749316011e+017');
INSERT INTO `STUDENTPRIVATEINFO` VALUES ('201800066', '湖北大学', '2016', '17694511463', '5081144166', '4.096719981e+016', '6.0887162421e+017', '3.3070396211e+017');
INSERT INTO `STUDENTPRIVATEINFO` VALUES ('201800067', '湖北大学', '2016', '18997044344', '5358537664', '4.044519971e+016', '6.5311154351e+017', '2.2354325971e+017');
INSERT INTO `STUDENTPRIVATEINFO` VALUES ('201800068', '湖北大学', '2016', '17833887158', '5390527409', '4.0860199711e+016', '6.3042121621e+017', '2.7703386431e+017');
INSERT INTO `STUDENTPRIVATEINFO` VALUES ('201800069', '湖北大学', '2016', '18776048226', '4567686279', '4.2497199911e+016', '6.0975162041e+017', '3.1252362761e+017');
INSERT INTO `STUDENTPRIVATEINFO` VALUES ('20180007', '湖北大学', '2016', '17989418121', '6460484760', '4.298119971e+016', '6.9169103121e+017', '3.7207312751e+017');
INSERT INTO `STUDENTPRIVATEINFO` VALUES ('201800070', '湖北大学', '2016', '18523311857', '8037823971', '4.0240199911e+016', '6.2917119171e+017', '2.2584295831e+017');
INSERT INTO `STUDENTPRIVATEINFO` VALUES ('201800071', '湖北大学', '2016', '18998453344', '4281645803', '4.0054199611e+016', '6.7792133881e+017', '2.8118296271e+017');
INSERT INTO `STUDENTPRIVATEINFO` VALUES ('201800072', '湖北大学', '2016', '18827158858', '3183554312', '4.1831199711e+016', '6.7319120211e+017', '2.5426376801e+017');
INSERT INTO `STUDENTPRIVATEINFO` VALUES ('201800073', '湖北大学', '2016', '18846442021', '9050989700', '4.0728199911e+016', '6.9278166351e+017', '3.4592372411e+017');
INSERT INTO `STUDENTPRIVATEINFO` VALUES ('201800074', '湖北大学', '2016', '18146644073', '2645169088', '4.239819971e+016', '6.9112136611e+017', '2.6567271431e+017');
INSERT INTO `STUDENTPRIVATEINFO` VALUES ('201800075', '湖北大学', '2016', '18789883142', '3399028161', '4.1527199811e+016', '6.9716137811e+017', '2.6249329321e+017');
INSERT INTO `STUDENTPRIVATEINFO` VALUES ('201800076', '湖北大学', '2016', '18158813340', '6971776255', '4.111919991e+016', '6.8624147691e+017', '2.7629278181e+017');
INSERT INTO `STUDENTPRIVATEINFO` VALUES ('201800077', '湖北大学', '2016', '18261873217', '6533514582', '4.1823199811e+016', '6.7571151201e+017', '3.4397255801e+017');
INSERT INTO `STUDENTPRIVATEINFO` VALUES ('201800078', '湖北大学', '2016', '18869773150', '8045264981', '4.248519971e+016', '6.6268141351e+017', '2.5239281921e+017');
INSERT INTO `STUDENTPRIVATEINFO` VALUES ('201800079', '湖北大学', '2016', '18155963105', '3295208391', '4.2518199911e+016', '6.5104179331e+017', '3.6539208321e+017');
INSERT INTO `STUDENTPRIVATEINFO` VALUES ('20180008', '湖北大学', '2016', '17678427441', '750791500', '4.072719991e+016', '6.7152185301e+017', '2.3056337711e+017');
INSERT INTO `STUDENTPRIVATEINFO` VALUES ('201800080', '湖北大学', '2016', '17949668293', '2185266811', '4.198519961e+016', '6.5729189701e+017', '2.0258346351e+017');
INSERT INTO `STUDENTPRIVATEINFO` VALUES ('201800081', '湖北大学', '2016', '17737342493', '6293124800', '4.279419961e+016', '6.2051103981e+017', '2.9075397501e+017');
INSERT INTO `STUDENTPRIVATEINFO` VALUES ('201800082', '湖北大学', '2016', '17989942321', '5324764756', '4.126619991e+016', '6.1769121641e+017', '3.7016312311e+017');
INSERT INTO `STUDENTPRIVATEINFO` VALUES ('201800083', '湖北大学', '2016', '18667913172', '5334055853', '4.158719971e+016', '6.2971166291e+017', '3.4792364781e+017');
INSERT INTO `STUDENTPRIVATEINFO` VALUES ('201800084', '湖北大学', '2016', '17633501298', '7361349412', '4.252619971e+016', '6.0978134891e+017', '2.5161314261e+017');
INSERT INTO `STUDENTPRIVATEINFO` VALUES ('201800085', '湖北大学', '2016', '18455703526', '8610458898', '4.2069199611e+016', '6.5288199211e+017', '2.9408324571e+017');
INSERT INTO `STUDENTPRIVATEINFO` VALUES ('201800086', '湖北大学', '2016', '18784641585', '9038657560', '4.1729199811e+016', '6.4482169341e+017', '2.4470361961e+017');
INSERT INTO `STUDENTPRIVATEINFO` VALUES ('201800087', '湖北大学', '2016', '17638957606', '9510871502', '4.2502199611e+016', '6.2957195981e+017', '2.5992363431e+017');
INSERT INTO `STUDENTPRIVATEINFO` VALUES ('201800088', '湖北大学', '2016', '18430404599', '6594328309', '4.082819981e+016', '6.6091107261e+017', '2.1667212911e+017');
INSERT INTO `STUDENTPRIVATEINFO` VALUES ('201800089', '湖北大学', '2016', '18778909886', '7126267027', '4.001119981e+016', '6.3977140291e+017', '2.3085372841e+017');
INSERT INTO `STUDENTPRIVATEINFO` VALUES ('20180009', '湖北大学', '2016', '18380247209', '3281488678', '4.156719981e+016', '6.3440181651e+017', '2.6572314211e+017');
INSERT INTO `STUDENTPRIVATEINFO` VALUES ('201800090', '湖北大学', '2016', '17822604805', '8852215585', '4.0892199711e+016', '6.3059158011e+017', '2.7403341961e+017');
INSERT INTO `STUDENTPRIVATEINFO` VALUES ('201800091', '湖北大学', '2016', '18896652470', '9266507321', '4.257719961e+016', '6.3816137001e+017', '2.0026322611e+017');
INSERT INTO `STUDENTPRIVATEINFO` VALUES ('201800092', '湖北大学', '2016', '17727156039', '122682237', '4.2564199911e+016', '6.8360101031e+017', '3.9851292051e+017');
INSERT INTO `STUDENTPRIVATEINFO` VALUES ('201800093', '湖北大学', '2016', '17998955958', '8421016088', '4.232119971e+016', '6.2183130061e+017', '3.1135246511e+017');
INSERT INTO `STUDENTPRIVATEINFO` VALUES ('201800094', '湖北大学', '2016', '17837481433', '8876462747', '4.062519991e+016', '6.1911157221e+017', '2.3933332381e+017');
INSERT INTO `STUDENTPRIVATEINFO` VALUES ('201800095', '湖北大学', '2016', '18076632454', '4281896132', '4.1546199811e+016', '6.6739141471e+017', '3.7768387701e+017');
INSERT INTO `STUDENTPRIVATEINFO` VALUES ('201800096', '湖北大学', '2016', '17681257166', '7618254239', '4.0654199611e+016', '6.5106130901e+017', '2.2965233231e+017');
INSERT INTO `STUDENTPRIVATEINFO` VALUES ('201800097', '湖北大学', '2016', '17824242680', '6178471712', '4.1379199611e+016', '6.4609120981e+017', '2.8154380751e+017');
INSERT INTO `STUDENTPRIVATEINFO` VALUES ('201800098', '湖北大学', '2016', '17683333248', '1483667774', '4.284719981e+016', '6.7429177591e+017', '2.6041296981e+017');
COMMIT;

-- ----------------------------
-- Table structure for TEACHERINFO
-- ----------------------------
DROP TABLE IF EXISTS `TEACHERINFO`;
CREATE TABLE `TEACHERINFO` (
  `TeacherID` varchar(30) NOT NULL,
  `TeacherName` varchar(20) DEFAULT NULL,
  `Gender` varchar(10) DEFAULT NULL,
  `Age` int(11) DEFAULT NULL,
  PRIMARY KEY (`TeacherID`)
) ENGINE=InnoDB DEFAULT CHARSET=utf8;

-- ----------------------------
-- Records of TEACHERINFO
-- ----------------------------
BEGIN;
INSERT INTO `TEACHERINFO` VALUES ('20001110', '陈丽', 'male', 32);
INSERT INTO `TEACHERINFO` VALUES ('20001111', '秦卓', 'male', 39);
INSERT INTO `TEACHERINFO` VALUES ('200011110', '柳泳辉', 'male', 28);
INSERT INTO `TEACHERINFO` VALUES ('200011111', '王语勇', 'female', 27);
INSERT INTO `TEACHERINFO` VALUES ('200011112', '尤亿', 'female', 38);
INSERT INTO `TEACHERINFO` VALUES ('200011113', '陶颢瑶', 'male', 30);
INSERT INTO `TEACHERINFO` VALUES ('200011114', '许丽生', 'female', 37);
INSERT INTO `TEACHERINFO` VALUES ('200011115', '张欣盛', 'male', 37);
INSERT INTO `TEACHERINFO` VALUES ('200011116', '李士浚', 'female', 32);
INSERT INTO `TEACHERINFO` VALUES ('200011117', '王瑜铭', 'male', 26);
INSERT INTO `TEACHERINFO` VALUES ('200011118', '邹家轩', 'female', 25);
INSERT INTO `TEACHERINFO` VALUES ('200011119', '向靖辉', 'male', 27);
INSERT INTO `TEACHERINFO` VALUES ('20001112', '韩一芳', 'female', 36);
INSERT INTO `TEACHERINFO` VALUES ('200011120', '肖浩平', 'male', 28);
INSERT INTO `TEACHERINFO` VALUES ('200011121', '张菲丽', 'male', 30);
INSERT INTO `TEACHERINFO` VALUES ('200011122', '王安青', 'female', 33);
INSERT INTO `TEACHERINFO` VALUES ('200011123', '周星利', 'female', 31);
INSERT INTO `TEACHERINFO` VALUES ('200011124', '张鸣云', 'male', 39);
INSERT INTO `TEACHERINFO` VALUES ('200011125', '纪冉久', 'male', 30);
INSERT INTO `TEACHERINFO` VALUES ('200011126', '贾炳麟', 'male', 38);
INSERT INTO `TEACHERINFO` VALUES ('200011127', '喻武琰', 'female', 25);
INSERT INTO `TEACHERINFO` VALUES ('200011128', '涂彩珩', 'female', 36);
INSERT INTO `TEACHERINFO` VALUES ('200011129', '冉惠弘', 'female', 37);
INSERT INTO `TEACHERINFO` VALUES ('20001113', '刘志宝', 'male', 39);
INSERT INTO `TEACHERINFO` VALUES ('20001114', '申莹洋', 'male', 32);
INSERT INTO `TEACHERINFO` VALUES ('20001115', '周岚青', 'female', 25);
INSERT INTO `TEACHERINFO` VALUES ('20001116', '徐如华', 'female', 27);
INSERT INTO `TEACHERINFO` VALUES ('20001118', '郭银汝', 'male', 25);
INSERT INTO `TEACHERINFO` VALUES ('20001119', '屈语盼', 'female', 38);
COMMIT;

-- ----------------------------
-- Table structure for TEACHERPRIVATEINFO
-- ----------------------------
DROP TABLE IF EXISTS `TEACHERPRIVATEINFO`;
CREATE TABLE `TEACHERPRIVATEINFO` (
  `TeacherID` varchar(30) NOT NULL,
  `WorkUnit` varchar(100) DEFAULT NULL,
  `AdYear` varchar(7) DEFAULT NULL,
  `PhoneNumber` varchar(20) DEFAULT NULL,
  `QQNumber` varchar(20) DEFAULT NULL,
  `IDNumber` varchar(50) DEFAULT NULL,
  `ABCNumber` varchar(50) DEFAULT NULL,
  `SSNumber` varchar(50) DEFAULT NULL,
  PRIMARY KEY (`TeacherID`),
  CONSTRAINT `FK_Reference_10` FOREIGN KEY (`TeacherID`) REFERENCES `teacherinfo` (`teacherid`) ON DELETE RESTRICT ON UPDATE RESTRICT
) ENGINE=InnoDB DEFAULT CHARSET=utf8;

-- ----------------------------
-- Records of TEACHERPRIVATEINFO
-- ----------------------------
BEGIN;
INSERT INTO `TEACHERPRIVATEINFO` VALUES ('20001110', '湖北大学', '2008', '17885102943', '7770602406', '40255199711162100', '608871075811213100', '397633851210154000');
INSERT INTO `TEACHERPRIVATEINFO` VALUES ('20001111', '湖北大学', '2008', '17885102943', '7770602406', '40255199711162100', '608871075811213100', '397633851210154000');
INSERT INTO `TEACHERPRIVATEINFO` VALUES ('200011110', '湖北大学', '2008', '17885102943', '7770602406', '40255199711162100', '608871075811213100', '397633851210154000');
INSERT INTO `TEACHERPRIVATEINFO` VALUES ('200011111', '湖北大学', '2008', '17885102943', '7770602406', '40255199711162100', '608871075811213100', '397633851210154000');
INSERT INTO `TEACHERPRIVATEINFO` VALUES ('200011112', '湖北大学', '2008', '17885102943', '7770602406', '40255199711162100', '608871075811213100', '397633851210154000');
INSERT INTO `TEACHERPRIVATEINFO` VALUES ('200011113', '湖北大学', '2008', '17885102943', '7770602406', '40255199711162100', '608871075811213100', '397633851210154000');
INSERT INTO `TEACHERPRIVATEINFO` VALUES ('200011114', '湖北大学', '2008', '17885102943', '7770602406', '40255199711162100', '608871075811213100', '397633851210154000');
INSERT INTO `TEACHERPRIVATEINFO` VALUES ('200011115', '湖北大学', '2008', '17885102943', '7770602406', '40255199711162100', '608871075811213100', '397633851210154000');
INSERT INTO `TEACHERPRIVATEINFO` VALUES ('200011116', '湖北大学', '2008', '17885102943', '7770602406', '40255199711162100', '608871075811213100', '397633851210154000');
INSERT INTO `TEACHERPRIVATEINFO` VALUES ('200011117', '湖北大学', '2008', '17885102943', '7770602406', '40255199711162100', '608871075811213100', '397633851210154000');
INSERT INTO `TEACHERPRIVATEINFO` VALUES ('200011118', '湖北大学', '2008', '17885102943', '7770602406', '40255199711162100', '608871075811213100', '397633851210154000');
INSERT INTO `TEACHERPRIVATEINFO` VALUES ('200011119', '湖北大学', '2008', '17885102943', '7770602406', '40255199711162100', '608871075811213100', '397633851210154000');
INSERT INTO `TEACHERPRIVATEINFO` VALUES ('20001112', '湖北大学', '2008', '17885102943', '7770602406', '40255199711162100', '608871075811213100', '397633851210154000');
INSERT INTO `TEACHERPRIVATEINFO` VALUES ('200011120', '湖北大学', '2008', '17885102943', '7770602406', '40255199711162100', '608871075811213100', '397633851210154000');
INSERT INTO `TEACHERPRIVATEINFO` VALUES ('200011121', '湖北大学', '2008', '17885102943', '7770602406', '40255199711162100', '608871075811213100', '397633851210154000');
INSERT INTO `TEACHERPRIVATEINFO` VALUES ('200011122', '湖北大学', '2008', '17885102943', '7770602406', '40255199711162100', '608871075811213100', '397633851210154000');
INSERT INTO `TEACHERPRIVATEINFO` VALUES ('200011123', '湖北大学', '2008', '17885102943', '7770602406', '40255199711162100', '608871075811213100', '397633851210154000');
INSERT INTO `TEACHERPRIVATEINFO` VALUES ('200011124', '湖北大学', '2008', '17885102943', '7770602406', '40255199711162100', '608871075811213100', '397633851210154000');
INSERT INTO `TEACHERPRIVATEINFO` VALUES ('200011125', '湖北大学', '2008', '17885102943', '7770602406', '40255199711162100', '608871075811213100', '397633851210154000');
INSERT INTO `TEACHERPRIVATEINFO` VALUES ('200011126', '湖北大学', '2008', '17885102943', '7770602406', '40255199711162100', '608871075811213100', '397633851210154000');
INSERT INTO `TEACHERPRIVATEINFO` VALUES ('200011127', '湖北大学', '2008', '17885102943', '7770602406', '40255199711162100', '608871075811213100', '397633851210154000');
INSERT INTO `TEACHERPRIVATEINFO` VALUES ('200011128', '湖北大学', '2008', '17885102943', '7770602406', '40255199711162100', '608871075811213100', '397633851210154000');
INSERT INTO `TEACHERPRIVATEINFO` VALUES ('200011129', '湖北大学', '2008', '17885102943', '7770602406', '40255199711162100', '608871075811213100', '397633851210154000');
INSERT INTO `TEACHERPRIVATEINFO` VALUES ('20001113', '湖北大学', '2008', '17885102943', '7770602406', '40255199711162100', '608871075811213100', '397633851210154000');
INSERT INTO `TEACHERPRIVATEINFO` VALUES ('20001114', '湖北大学', '2008', '17885102943', '7770602406', '40255199711162100', '608871075811213100', '397633851210154000');
INSERT INTO `TEACHERPRIVATEINFO` VALUES ('20001115', '湖北大学', '2008', '17885102943', '7770602406', '40255199711162100', '608871075811213100', '397633851210154000');
INSERT INTO `TEACHERPRIVATEINFO` VALUES ('20001116', '湖北大学', '2008', '17885102943', '7770602406', '40255199711162100', '608871075811213100', '397633851210154000');
INSERT INTO `TEACHERPRIVATEINFO` VALUES ('20001118', '湖北大学', '2008', '17885102943', '7770602406', '40255199711162100', '608871075811213100', '397633851210154000');
INSERT INTO `TEACHERPRIVATEINFO` VALUES ('20001119', '湖北大学', '2008', '17885102943', '7770602406', '40255199711162100', '608871075811213100', '397633851210154000');
COMMIT;

-- ----------------------------
-- Table structure for TERMINFO
-- ----------------------------
DROP TABLE IF EXISTS `TERMINFO`;
CREATE TABLE `TERMINFO` (
  `TermID` varchar(20) NOT NULL,
  `Year` varchar(10) DEFAULT NULL,
  `Term` varchar(10) DEFAULT NULL,
  PRIMARY KEY (`TermID`)
) ENGINE=InnoDB DEFAULT CHARSET=utf8;

-- ----------------------------
-- Records of TERMINFO
-- ----------------------------
BEGIN;
INSERT INTO `TERMINFO` VALUES ('20181100', '2016-2017', '上学期');
INSERT INTO `TERMINFO` VALUES ('20181101', '2016-2017', '下学期');
INSERT INTO `TERMINFO` VALUES ('20181102', '2017-2018', '上学期');
INSERT INTO `TERMINFO` VALUES ('20181103', '2017-2018', '下学期');
INSERT INTO `TERMINFO` VALUES ('20181104', '2018-2019', '上学期');
INSERT INTO `TERMINFO` VALUES ('20181105', '2018-2019', '下学期');
INSERT INTO `TERMINFO` VALUES ('20181106', '2019-2020', '上学期');
INSERT INTO `TERMINFO` VALUES ('20181107', '2019-2020', '下学期');
COMMIT;

-- ----------------------------
-- View structure for teacherinfo_view
-- ----------------------------
DROP VIEW IF EXISTS `teacherinfo_view`;
CREATE ALGORITHM = UNDEFINED SQL SECURITY DEFINER VIEW `teacherinfo_view` AS select `teacherinfo`.`TeacherID` AS `TeacherID`,`teacherinfo`.`TeacherName` AS `TeacherName`,`teacherinfo`.`Gender` AS `Gender`,`teacherinfo`.`Age` AS `Age`,`teacherprivateinfo`.`WorkUnit` AS `WorkUnit`,`teacherprivateinfo`.`AdYear` AS `AdYear`,`teacherprivateinfo`.`PhoneNumber` AS `PhoneNumber`,`teacherprivateinfo`.`QQNumber` AS `QQNumber`,`teacherprivateinfo`.`IDNumber` AS `IDNumber`,`teacherprivateinfo`.`ABCNumber` AS `ABCNumber`,`teacherprivateinfo`.`SSNumber` AS `SSNumber` from (`teacherinfo` join `teacherprivateinfo` on((`teacherinfo`.`TeacherID` = `teacherprivateinfo`.`TeacherID`))) where (`teacherinfo`.`TeacherID` = `teacherprivateinfo`.`TeacherID`);

SET FOREIGN_KEY_CHECKS = 1;
